{
    "accuracy": 0.55,
    "precision": 0.5714285714285714,
    "recall": 0.4,
    "f1": 0.47058823529411764
}
